"2000 a.d",
"judge dredd",
comics,
"comic book",
sci-fi,"Adventure in the future with thrilling science fiction stories!"
space,
ai,
demons,
"star wars",
fight,
action,
urban,
"metal gear",
samurai,
modern,
"deus ex",
spy,
fantasy,"Dive into realms of magic and myth, where epic adventures and legendary tales unfold."
military,
team,
"wild west",
"monster girl","Encounter enchanting and unusual female creatures blending allure and mystery in fantastical settings."
revenge,
kenshi,
rome,
apocalyptic,
gladiator,
wasteland,
mutants,
"darkest dungeon",
videogame,
suspense,
horror,"Feel the chill of suspense and the thrill of fear in stories that delve into the dark and the unknown."
political,
intrigue,
vanilla,
slice-of-life,
ghost,
tohou,
demon,
hell,
courier,
orc,
princess,
romance,"Get swept away in tales of love, passion, and heartfelt connections that stir the soul."
detective,
lovecraft,
"monster girls",
"modern day",
impregnation,
"dark elf",
slavery,
oni,
noble,
kitsume,
monstergirl,"Fantastical tales of supernatural creatures with a unique and seductive beauty."
mothgirl,
jungle,
monkeygirl,
prison,
ship,
"straight trap",
"big dick",
"light femdom",
"curvy witch",
"aggressive woman",
"cock milking",
"magical antics",
train,
molestation,
adventure,"Embark on thrilling journeys and exhilarating quests in stories filled with excitement and discovery."
"tomb raidar",
shota,"An underdeveloped or younger male character in anime or manga."
ss,
"straight shota",
homo,
bugs,
apocalypse,
goblin,
"tongue play",
"body worship",
"tongue worship",
shortstack,
generic,
smut,
erotic,
"old ugly bastard",
tomoko,
meetup,
neet,
smell,
pervert,
scalie,
drugs,
doll,
marionette,
puppet,
robot,
victorian,
artificial,
mom,
mother,
"high school",
dance,
incest,"Explore taboo family relationships between two siblings or parents and children."
milf,"Erotic and mature woman who exudes confidence and sensuality."
date,
"blind date",
bar,
aunt,
milfs,
drunk,
yandere,
sister,
"older sister",
obsession,
"mother's day",
mall,
vacation,
cousin,
country,
sex-ed,
light-hearted,
succubus,
comfortable,
"short encounter",
"night gaunt",
monsterboy,
arachne,
"instant encounter",
dunmer,
morrowind,
femdom,"Delve into dynamics of power and control, where strong women take the lead in captivating ways."
lamia,
villain,
comedy,
evil,
crossdressing,
trap,
"in vitro fertilization",
misandry,
voyeurism,
lingerie,
teasing,
modesty,
lesbian,"Romantic and passionate, two women finding love."
ivf,
family,
step-mother,
threesome,
love,
blackmail,
"psychological trauma",
"moral degeneration",
degradation,
lust,
cheating,
netori,
ntr,
"3rd person",
marriage,
abandonment,
adoption,
betrayal,
"past tense",
witch,
tf,
tg,
humiliation,"Embarrassment-induced shame"
transformation,
bdsm,
corruption,
royalty,
larion,
"2nd person",
"present tense",
straight,
maledom,
femsub,
religion,
elf,"Magical creatures with pointy ears and a love for nature"
"muscle girl",
tes,
"elder scrolls",
json,
"third person",
alcoholic,
piercings,
"dyed hair",
"sports clothes",
athletic,
abs,
virgin,
"pure love",
bitch,
"foster mother",
orphan,
tomboy,"A confident and independent woman with a non-traditional style."
tppt,
twins,
schoolboy,
competition,
dilf,
dadcest,
daughter,
dad,
father,
widower,
clingy,
monster,
shapeshifter,
"shy girl",
spooky,
music,
prog,
girlfriend,
comfy,
futa,"A story of a woman typically with a penis."
futanari,
loli,"Loli is a genre that features young, often underage girls in cute, innocent roles."
bowling,
fairy,
cunny,
"casual nudity",
apron,
supers,
superhero,
villainess,
nurse,
doctor,
hospital,
japan,
stalker,
filth,
feet,
tongue,
mouth,
momcest,
generator,
group,
mandalorian,
"bounty hunter",
scifi,
faceless,
"sugar mama",
"sugar mommy",
mature,
rich,
"age difference",
"age gap",
monstergirls,
anubis,
spider,
spiders,
therapy,
goblins,
"goblin slayer",
rape,"Scenarios that often involve non-consenting parties."
torture,
slaves,
snuff,
respect,
killing,
"crippled girl",
"slice of life","Little moments that make up a day's journey."
regression,
kidnapping,
fae,
magic,"Explores themes of mythology and folklore in a realistic setting."
diapers,
/ss/,
shotacon,
ffm,
police,
"big sister",
nun,
priestess,
religious,
habit,
"straight shotacon",
island,
stranded,
imageboard,
"strange companions",
anime,
"you're under arrest",
"female pov",
tomboys,
otome,
"reverse otome",
"dating sim",
"mind control","Explore the possibilities of altering minds with specialized techniques and technology."
dehumanization,
non-consensual,
"artificial intelligence",
robotization,
combat,
interview,
lactation,
moomin,
teenage,
"fox tails",
petting,
handholding.,
vampire,
undead,
"lobot corp",
western,
hypnosis,
hero,
history,
slave,
brown,
brazil,
interracial,
"breast expansion",
sisters,
gyaru,
slut,
prostitution,
blowjob,
"plushy limbs",
furry,"Enter a universe where anthropomorphic characters bring unique, animalistic charm to every tale."
"hyper ass",
twink,
exhibitionism,
"ass focus",
"size difference",
undertale,
spidergirl,
"fem dom",
race,
joke,
racism,
mgs,
"dommy mommy",
sissy,
student,
school,
"female protagonist",
"plant girl",
starbound,
floran,
"male/fem dom",
maid,
femboy,"A female version of a male cute character who is often portrayed as innocent and submissive."
borrower,
minigirl,
touhou,
care,
cozy,
angel,
archon,
fetish,
self-awareness,
"personal improvement",
cat,
catboy,
wholesome,
sadism,
university,
tiefling,
"adult content",
survival,
weird,
gross,
mutant,
dystopia,
"i should get a therapist",
"married couple",
"potentially brutal",
cuddling,
thanksgiving,
"cursed items",
kobold,
murder,
mystery,
"hercule poirot",
"agatha christie",
future,
cyberpunk,
cybernetics,
"body modification",
noncon,
bondage,
historical,
"cold war",
paraplegic,
cripple,
"little sister",
shopkeeper,
"existing media",
sink,
sink-girl,
objectification,
hygiene,
gay,"Explore narratives centered around homosexual relationships, celebrating love and connection in its many forms."
muscles,
domination,"Power over others in a commanding manner."
sol,
piss,
watersports,
embarassing,
caught,
android,
gynoid,
sexbot,
yuri,
lezdom,
"light domination",
scylla,
ocean,
rescue,
"mind flayers",
ilithids,
goo,
tentacles,
warlock,
d&d,
"great old one",
"women respecting",
swords,
"dark fantasy",
templar,
mute,
"forbidden romance",
"forbidden love",
slowburn,
slow-burn,
ogre,
two-headed,
magi,
open-ended,
public,
"futa on male",
medical,
breeding,
barmaid,
foreign,
germany,
german,
tolkien,
catgirl,
leopard,
hobbit,
pokemon,
fffm,
foursome,
"reverse rape",
forced,
renaissance,
italy,
artist,
art,
painter,
whore,
coomer,
centaur,
parody,
festival,
halfling,
tank,
mail-order,
waifu,
bogey,
relaxing,
russia,
russian,
"—Ä—É—Å—Å–∫–∏–π",
"reverse trap",
nobility,
servants,
sounding,
"urethra play",
drow,
lizard,
giantess,
ol,
"office lady",
boss,
"comfortable setting",
elves,
city,
"male pov",
bloodborne,
yarnham,
blood,
"lady maria",
experimentation,
creature,
sphinx,
riddle,
christmas,
holiday,
grinch,
prank,
"civil war",
america,
leader,
cult,
teen,
"rip and tear",
violence,
ultraviolence,
krampus,
"santa claus",
exhibitionist,
auction,
panties,
scaly,
gf,
"gf's mom",
xmas,
"winsor mccay",
"little nemo",
slumberland,
dreams,
rough,
casual,
"older woman",
handholding,
hands,
hand,
holding,
master,
embarrassment,
embarrassed,
bestiality,"Sexual activity between humans and animals."
"im sorry anon dont bully me",
horse,
zoophilia,
pyjamas,
robbery,
robber,
training,
hypnotism,
"male dom",
bunyip,
ears,
lewd,
ear-touching,
infection,
"mass effect",
quarian,
fallout,
"sex bot",
scary,
"ouija board",
fantast,
armor,
curse,
"baleful polymorph",
"big tiddies",
"childhood friend",
hologram,
"pi√±ata",
"pi√±ata-girl",
post-apocalypse,
hunter,
hunted,
enf,
bully,
"public nudity",
brainwashing,
doujin,
coffee,
"coffee shop",
"living doll",
narratophilia,
"victorian style",
"praise the sun",
sign,
summon,
phantom,
"dark souls",
mimic,
"creeping coin",
mge,
blowjobs,
love-doll,
exotic,
"qa testing",
college,
dorm,
"secret admirer",
taste,
knight,
harpy,
gandharva,
paladin,
divine,
celestial,
otherwordly,
angelic,
holy,
clown,
makeup,
costume,
giggling,
laughing,
honking,
"tfw no clown gf why even live bros",
tile,
"tile patern",
monster-girl,
"genius loci",
summoner,
house,
"living house",
"monster house",
shoggoth,
mythos,
slime,
"winter lantern",
madness,
insanity,
frenzy,
subnautica,
mesmer,
fish,
megaman,
protoman,
hope,
rides,
alone,
goth,
smegma,
ryona,
fuckmeat,
freyja,
kingbang,
cleaning,
masochist,
coercion,
notes++,
"space station",
janitor,
janny,
bossy,
punishment,
"he does it for free",
ss13,
"multiple partners",
intimacy,
"sex by proxy",
"eager partners",
skyrim,
"flame atronach",
spriggan,
"auction house",
anomalies,
anomaly,
"strange item",
fairies,
zaltys,
testing,
housewife,
sidebysides,
hurt-comfort,
"virgin humiliation",
onahole,
"small penis humiliation",
sph,
mommy,
warhammer,
40k,
"t'au",
xenos,
heresy,
wolf,
wolves,
"outdoor sex",
"fuck jannies",
jjba,
jojo,
spaceship,
spaceship-girl,
aliens,
shy,
cop,
snow,
eldar,
scripted,
notes++(notesplus),
alcohol,
office,
festive,
"yeti girl",
hugging,
"the forest",
imagine,
ibuki,
danganronpa,
farscape,
"casual sex",
"friends with benefits",
alien,
"gray girl",
"game show",
"reality tv",
ratings,
"talent show",
"shock value",
brat,
taunting,
masochism,
mesugaki,
immortal,
"verbal abuse",
saiyan,
dragonball,
anal,
stargate,
asgard,
spaceships,
"space opera",
"cat girl",
escape,
"horror survival",
"harvest festival",
cannibalism,
necromancer,
necromaneress,
zombie,
siblings,
moving,
cars,
vermont,
"concealed sex",
eggs,
dryad,
"robot girl",
"android girl",
beast,
knotting,
gangbang,
"crime organization",
espionage,
parasite,
bug,
worm,
micolash,
nightmare,
eldritch,
insight,
"grant us eyes",
reality-warping,
wish-fulfillment,
not-scribblenauts,
"gentle femdom",
survivor,
radio,
voyeur,
"dirty talk",
pepsiwoman,
pepsi,
metal,
klang,
selkie,
seal,
bee-girl,
wizards,
mtg,
planeswalker,
urza,
emrakul,
eldrazi,
fertility,
leech,
"plague doctor",
hermaphrodite,
bloodletting,
blood-sucker,
instant-encounter,
degredation,
bug-chasing,
"public sex",
"gang bang",
homeless,
confession,
sins,
nuns,
wrestling,
minotaur,
pheromones,
"yuru camp",
"laidback camp",
camping,
"nadeshiko kagamihara",
"virtual reality",
"vr headset",
"brain drain",
"loss of identity",
replacement,
"existential horror",
assimilation,
wine,
"fine wine",
roleplay,
death,
"grim reaper",
caring,
"multiple males",
bimbofication,
apophis,
"venom corruption",
"monster boy",
insect,
fighting,
renamon,
hmofa,
anthro,
heat,
beach,
bikini,
kaiju,
mecha,
farm,
farmgirl,
patient,
medicine,
"medical center",
treatment,
aphrodisiac,
hydra,
"multiple heads",
venom,
"get up on the hydra's back",
ocelomeh,
amazonian,
feral,
dragon,
drake,
ebrietas,
"cosmic horror",
"macaroni face",
lore-friendly,
orb,
science,
supernatural,
food,
superpowers,
random,
"magical girl",
toriel,
goatmommy,
vanilia,
"freya crescent",
ffix,
"final fantasy",
zidane,
ratfolk,
burmecian,
freya,
"1st person","Experience stories intimately through the eyes of the protagonist, feeling every emotion and adventure firsthand."
"psychological abuse",
sis,
"nude modelling",
blind,
moth,
moth-fairy,
yaoi,"Immerse yourself in the tender, complex world of male-male romance and relationships."
catfish,
catfish-girl,
frog,
frog-girl,
bat-and-swith,
3-way,
crime,
genocide,
"rival romance",
warrior,
smug,
"reptile boy",
"rabbit girl",
surgery,
zelda,
link,
midna,
imp,
"maid cafe",
femaleprotag,
vaporeon,
meme,
reading,
"sex while reading",
clones,
cloning,
self-cest,
selfcest,
"body double",
"my own clone!",
self-love,
narcissism,
tree,
"inhuman biology",
"endless space",
rimjob,
size,
"style transfer",
prose,
"writing assistant",
tutoring,
emoji,
"shota protagonist",
trains,
imagination,
"imaginary friend",
"technically masturbation",
"magical creature",
phantasm,
xcom,
viper,
tongueplay,
information,
basilisk,
hypnosis?,
"reverse ryona",
gyaku-ryona,
violent,
punk,
beatdown,
"ahsoka tano",
"clone trooper",
"where'd you get those peepers",
"jeepers creepers",
"erogenous zone",
"ocular fixation",
"tear duct fuck",
"tear duct",
eyeball,
eye,
"alien girl",
sweat,
"warhammer 40k",
salamanders,
"mucus toad",
"frog girl",
slimy,
apartment,
teeth,
dental,
gwyndolin,
planescape,
dnd,
annah,
annah-of-the-shadows,
headcanon,
inquisitor,
occult,
bat,
giant,
sex,
geometry,
holstaur,
"cow girl",
milk,
human,
"love potion",
short-stack,
wizard,
"demon girl",
yordle,
"league of legends",
retail,
angry,
clay,
toys,
kled,
poppy,
"horse cock",
teacher,
hentai,
tentacle,
pregnancy,
gore,
"legend of zelda",
???,
handjob,
"toilet paper",
"bathroom sex",
"toilet ghost",
yurei,
yokai,
"komodo dragon",
"au ra",
"mi'qote",
ffxiv,
"final fantasy 14",
"large insertion",
fpov,
gaping,
mario,
"princess peach",
bowser,
lumeris,
dog,
"furry on human",
"penis size difference",
"old west",
mpov,
cuckqueaning,
avatar,
asami,
korra,
"wolf girl",
cooking,
mxc,
softcore,
"sleep paralysis",
cbt,
"night terror",
pain,
"the bad thing",
terror,
fear,
sleep,
worship,
curvy,
shapeshifting,
teratophilia,
"void bug",
"the void",
"void creatures",
mind-link,
"horror body",
hife-mind,
deadpan,
scars,
tribal,
barbarian,
"arranged marriage",
medieval,
"good samaritan",
celebrity,
ass,
"building desire",
"trigger phrase",
frustration,
ball,
nobles,
"scripted a/n",
home,
"goblin girl",
rural,
harem,
"domination loss",
humilation,
tropical,
paradise,
castaway,
amazon,
diver,
"diving suit",
masked,
boat,
spouse,
cell,
"flat chest",
hololive,
vtubers,
idols,
"mind break",
non-consent,
cyborg,
"ugly bastard",
cow,
holstaurus,
hypno,
control,
mind-break,
"big hat",
4chan,
"2018 april fools' event",
princesses,
egyptian,
genderbend,
"dragon ball z",
"perfect cell",
goku,
fempov,"Experience narratives through the lens of female protagonists, highlighting their strength, depth, and perspective."
non-human,
isekai,
"fill in your own fetish",
"jar-jar binks",
nerd,
geek,
"niche fetish",
ff7,
"final fantasy 7",
midgar,
fujo,
shut-in,
smelly,
chuuni,
kitsune,
fox,
"fox girl",
undyne,
fishy,
"reverse gangbang",
classroom,
roper,
arabian,
umineko,
tau,
miko,
"shrine maiden",
noir,
"ice cream",
dessert,
shemale,
dickgirl,
feminization,
submission,
gokkun,
romatic,
weeb,
werewolf,
awoo,
sandbox,
cartoon,
"steven universe",
"crystal gem",
world-info,
"terror of embodiment",
"unusual body",
"living sword",
"sapient sword",
"intelligent sword",
greek,
gorgon,
head,
medusa,
dusa,
zagreus,
hades,
"time stop",
"time control",
"free use",
"public use",
futadom,
non-con,
xeno,
"open ended",
kraken,
manor,
diary,
exploration,
friend,
myerva,
"talking in third person",
pirates,
crossdresser,
hakugyokurou,
youkai,
god,
bible,
"car sex",
"male mc",
"realistic fantasy",
spooning,
"no homo",
street,
hood,
"hard af",
friday,
sonic,
"modern setting",
papillion,
cleric,
dragoon,
"bull girl",
wife,
"possible ntr",
"possible incest",
nursing,
healing,
fem-dom,
breast-feeding,
eggnog,
phone,
"phone call",
coronavirus,
syringe,
vaccine,
covid-19,
"real world",
"brushing teeth",
nisemonogatari,
"oral hygiene",
siscon,
pharaoh,
locustgirl,
mummy,
jackalgirl,
doggirl,
egypt,
king,
castle,
overlord,
skeleton,
passionate,
romantic,
"younger sister",
hug,
humor,
football,
drive-in,
metroid,
samus,
nintendo,
"space amazon",
guro,
cougar,
"second person",
"resident evil",
re8,
"survival horror",
"resident evil village",
"ethan winters",
"alcina dimitrescu",
transcript,
court,
"dark souls ii",
ornifex,
crow,
"weaponsmith ornifex",
velka,
"bear seek seek lest",
vore,"Sensual devouring of an unsuspecting victim."
drug,
hispanic,
luchadore,
furby,
"90s kids will remember",
were-furby,
despair,
son,
nobushi,
"for honor",
"mature woman",
"vampire lady",
"tall lady",
neighbor,
"repeated orgasm",
"dark humor",
conan,
ritual,
dubcon,
baseball,
coach,
quake,
shambler,
electricity,
huh,
existential,
"space magic",
"tera star",
cosmic,
disgaea,
chat,
witches,
hogwarts,
tonks,
"baby yoda",
folklore,
merchant,
nisse,
tomte,
gnome,
scandinavian,
switch,
choking,
summoning,
femaleprotagonist,
"native american",
spanish,
philippines,
enm,
innawoods,
creepypasta,
wendigo,
skinwalker,
cryptid,
spirit,
godchildren,
french,
journal,
dungeon,
"body change",
"vibrating dick",
"ginyu force",
mind-control,
tapeworm,
immortality,
regeneration,
willing,
female,
dominatrix,
cold,
dota2,
raven,
superheroes,
simp,
"teen titans",
reprogramming,
genshin,
impact,
xinyan,
"dark skin",
friends,
wholesome?,
gym,
workout,
pirate,
funny,
lisa,
"face sitting",
lusamine,
consensual,
millipede,
gardening,
"creepy crawlies",
arthropod,
"losta legs",
frontier,
"oregon trail",
"pok√©mon",
hoenn,
zoroark,
workhouse,
absurdism,
hypocrisy,
poverty,
"oliver twist",
"charles dickens",
satire,
poor,
"valentines day",
happiness,
soulcalibur,
taki,
talim,
sophitia,
cassandra,
xianghua,
ivy,
seongmina,
"strength difference",
"contest of strength",
"big woman",
"drinking game",
horns,
"death by snu snu",
"valentine's day",
"feral dragon",
"human x dragon",
"human x kobolds.",
xra,
surreal,
nonsensical,
autistic,
/aidg/,
anon,
femanon,
valentines,
fujoshi,
inflation,
belly,
wg,
feederism,
stuffing,
"weight gain",
expansion,
massage,
three-way,
cottage,
summer,
"group sex",
"sakura kagamihara",
"lola bunny",
"left 4 dead",
cuckquean,
brother,
toad,
fable,
1futa,
1girl,
"accidental arousal",
"embarrassed nude female",
sandworm,
mucus,
pseudo-vore,
"the spice must flow",
ladyknight,
duel,
muscular,
gloryhole,
"player sub",
"rena andou",
"marie (gup)",
gup,
"futanari on female",
"girls und panzer",
"ruka oshida",
shrinking,
"first person","Experience stories intimately through the eyes of the protagonist, feeling every emotion and adventure firsthand."
soccer,
sports,
fitness,
divegrass,
/fit/,
"fit friday",
musclegirl,
muscle,
fit,
exercise,
"outlaw star",
"aisha clan-clan",
ctarl-ctarl,
strength,
"dance dance revolution",
ddr,
arcade,
degenerate,
wolf-girl,
sweaty,
taboo,
queen,
"penis inspection",
daddy,
bullying,
chihiro,
halo,
incubus,
"reverse succubus",
cuck,
cuckold,
"count grey",
meta,
"ai dungeon",
kiwi,
kiwikiwi,
avian,
bird,
hellsing,
"rogue ai",
technology,
captain,
ww2,
u-boat,
"female crew",
navy,
fate,
fgo,
ibaraki-douji,
"cum inflation",
insemination,
fertilisation,
biology,
biological,
"egg cell",
"sperm cell",
sorlag,
"larger female",
interspecies,
jjbo,
pillarmen,
"cougar crew",
tennis,
multi-mommy,
mindflayer,
"samus aran",
cosplay,
"zero suit samus",
smash,
france,
tall,
cheesy,
escort,
flirtation,
"living armor",
"living clothing",
size-difference,
tribe,
settlers,
expedition,
natives,
"sloppy seconds",
resistance,
raceplay,
extortion,
"eldritch horror",
"slime girl",
zootopia,
"judy hopps",
bunny,
sega,
"kid icarus",
pit,
bayonetta,
"nineteeth century",
"plz no bully",
loving,
"very nice",
"nice girl",
anthropomorphism,
party,
isolation,
gothic,
"incest potential",
period,
menstruation,
"little girl",
"male protagonist",
coffeeshop,
slums,
rat,
rat-girl,
albino,
"unlikely romance",
furry?,
fun,
sea,
sdventure,
"evil woman",
piracy,
malepov,
possiblywholesome,
owlgirl,
librarian,
stripper,
club,
dancer,
dwarf,
dwarves,
mining,
clinic,
sfw,"Safe-for-work content that is suitable for all audiences"
"bounty hunting",
melancholy,
nostalgia,
"amusement park",
cabin,
wilderness,
hellhound,
"pov choice",
"dog girl",
multiprompt,
"white women",
piratez,
"moby dick",
pacific,
whale,
essex,
non-fiction,
"lost magic",
"star girl",
stardust,
gabi,
floch,
lolicon,
aot,
snk,
"human superiority",
"family friendly",
inbreeding,
short,
"green skin",
granny,
grandmother,
grandma,
"human supremacy",
drinking,
elevator,
nymphomaniac,
"maid caf√©",
"spider girl",
"human on anthro",
f/f,
butterscotch,
candy,
"sensory deprivation",
seduction,
"forced kissing",
preg,
"hyper preg",
"preg transfer",
servitude,
dandere,
"bug girl",
"soldier beetle",
"chitinous cutie",
"nude beach",
"stockholm syndrome",
trapped,
dark,
psychological,
drill,
encouragement,
twincest,
vampires,
opposites,
bimbo,
3rdperson,
"not gay",
femme,
killer,
"ds value baybee",
struggle,
"life or death",
"the entity",
dbd,
"dead by daylight",
"big effort",
shorts,
"thigh highs",
"single mom",
ponytail,
"animal lover",
"spring break",
hetero,
"skimpy clothes",
girly,
"bare midriff",
oyakodon,
scrafty,
m/m,
"big ass",
"road trip",
travel,
"slow apocalypse",
onsen,
"hot springs",
streaming,
livestreaming,
"gay denial",
arabic,
saya,
nitroplus,
impreg,
bicurious,
chad,
"sexual bullying",
"moral degradation",
monsters,
ankha,
"animal crossing",
delinquent,
orcs,
"elf slave wat do",
loneliness,
"hex maniac",
pokephilia,
dare,
"swim trunks",
character,
goddess,
manipulation,
"compensated dating",
"love hotel",
dyke,
"tables turned",
quest,
sailor,
"not coomer unless you're into it whatever",
coom,
dragongirl,
lava,
mormon,
"dungeon crawl",
bunnyboy,
"persona 5",
"farm life",
"demon lord",
redemption,
"can be nsfw",
fairytale,
"red riding hood",
bathing,
"date rape",
"no customization",
rivals,
"scripted an",
"super hero",
"giant couple",
paizuri,
naizuri,
boobjob,
titfuck,
options,
"oppai loli",
two-spirit,
fbi,
creep,
mf,
"scarlet devil mansion",
"scripted author's note.",
"college applications",
pressure,
stress,
library,
dieselpunk,
fascism,
retro-futuristic,
redneck,
royal,
fellatio,
"cabin in the woods",
workplace,
be,
"some assembly required",
avacyn,
"weird west",
desert,
"greek mythology",
"fight scene",
hatesex,
dentist,
"maw play",
maw,
"cattle ranching",
"cowgirl ranching",
"tfw no soft cowgirl mommy",
"big iron",
"new vegas",
wester,
divination,
rituals,
incense,
"foot fetish",
footchads,
fotw,
pigtails,
"hand fetish",
script,
scripting,
"cursed object",
"school girl",
traps,
ghosts,
sexual,
porn,
mansion,
canadian,
mountie,
rabbit,
bunnygirl,
rabbitgirl,
mexican,
bread,
speed-baked,
"magic cooking",
anthropomorphized,
"baked to prefection",
"stuffed crust",
anthropomorphic,
microlash,
breadmom,
"what has science done?",
feeding,
comedic,
wip,
shit-posting,
/hmofa/,
meta?,
johto,
kyros,
"harry potter",
wwi,
"red baron",
pizza,
mawile,
mega-evolution,
tongues,
"double blowjob",
boy,
"meaningful choices",
"totally legal",
"for true men",
"demonic worship",
kinky,
golem,
"the legend of zelda",
gerudo,
"dark comedy",
"kesaran pasaran",
sheepgirl,
kikimora,
wolfgirl,
"my little pony",
mlp,
pony,
"warhammer 40000",
tech-priestess,
"adeptus mechanicus",
reluctance,
nyx,
writing,
"in the mouth of madness",
writer,
"john carpenter",
oral,
"akkadian merchant",
ea-nasir,
"copper ingots",
sumeria,
ur,
antiquity,
"bronze age",
"world info",
"organized crime",
dystopic,
"gloomy girl",
servant,
firekeeper,
nazi,
"world war ii",
academia,
"absolute nonsense played perfectly straight",
"the most dangerous game",
hunt,
chase,
pursuit,
"rich bitch",
psycho,
british,
equestrian,
"you just know",
tate,
liza,
"music festival",
"indie band",
chicago,
maralith,
manticore,
tailpussy,
"bunny boy",
"bunny girl",
birthday,
"birthday girl",
happy,
cake,
siren,
myth,
nightclub,
model,
"los angeles",
hedonism,
angsty,
hagfish,
mucous,
eel,
"bath sex",
willy,
lighthearted,
abuse,
"alternate option",
airplane,
2girls,
unova,
"maybe tea is your thing?",
coffee?,
laid-back,
"mahou shoujo",
esper,
"oral hygeine",
literature,
shame,
vulnerability,
post-apocalyptic,
codependence,
"could be nsfw",
forest,
slime-girl,
cum-girl,
girl,
cum,
semen,
henshin,
"magical transformation",
maternal,
"mahou henshin",
heroine,
mitosis,
"this is getting",
"out of hand",
"now there are two of them",
mech,
ptsd,
slime-boy,
cum-boy,
squirt,
sorceress,
moth-girl,
monster-girls,
farming,
succubi,
digimon,
angewomon,
ladydevimon,
threeway,
heaven,
"honey nut",
"foursomes and moresomes",
bug-girl,
"first person past tense",
diplomacy,
"night in",
"april 1st",
afterlife,
casino,
gambling,
poker,
games,
uncanny,
hotel,
kafkaesque,
androids,
"1st person pov",
gentle,
"virginity loss",
"male virgin",
scat,
limbo,
rebirth,
"sexual slavery",
shikieiki,
yamaxanadu,
"city builder",
anno,
1800,
"slice of afterlife",
restaurant,
angels,
uncle,
orgy,
devil,
amnesia,
"tends to get depressing",
"totally not a metaphor",
melvin,
t-rex,
"four elements",
"time travel",
stand,
"cyber apocalypse",
"no crabs",
"slice of life i guess?",
"don't really have an idea for tag names",
lucid,
dream,
awkward,
antisocial,
tsundere,
"tomb raider",
"lara croft",
"video game",
tent,
secluded,
"r*ddit bait",
"nice guy",
reaper,
autumnal,
"small town",
cursed,
diaper,
kyouka,
ewijson,
futureman,
latex,
male,
ballerina,
"ffm threesome",
notesplus,
wildmeats,
kurohime,
necrophilia,
corpse,
notes+,
"tfw no mommy gf",
pee,
pissing,
tan,
"orc slave wut do",
army,
penal,
prisoner,
"mafia princess",
"spoiled brat",
half-elf,
containment,
"make mistakes",
"take chances",
education,
learning,
"ms frizzle",
"magic school bus",
"get messy",
garfield,
snarky,
chubby,
femfield,
cowgirl,
"not pol i promise",
"shadow leviathan",
underwater,
"sea monster",
leviathan,
"ovary stimulation",
ovary,
bound,
"tummy rub",
"gf experience",
"deep foreplay",
"erogenous zones",
experimentalism,
"involuntary orgasm",
"organ massage",
"nightmare waifus",
"dead space (but not really)",
hivemind,
absorb,
blob,
flesh,
"multiple limbs",
"body horror",
"vlad the impaler",
"radu the handsome",
homunculus,
scp,
foundation,
collingwood,
buck,
"fit girl",
stopman,
justice,
"plastic surgery",
addiction,
zombies,
"male x male",
bara,
norsemen,
viking,
homoerotic,
mlm,
"male love",
redhead,
jeans,
"empty alleyways",
"femme fatal",
gray,
serum,
"enchanced preformance",
imprisioned,
breeder,
potion,
shop,
store,
"science fiction",
customization,
"gender choice",
"futa on female",
"mel gibson",
1980s,
"police officer",
lapd,
"lethal weapon",
"buddy cop",
"danny glover",
fully-customizable,
"any character",
brothel,
infinite,
fractal,
"please read description!!",
draph,
granblue,
"mating press",
"instant loss",
thalatha,
threo,
sarya,
"instant defeat",
"granblue fantasy",
aliza,
actor,
superman,
ww1,
"secret agent",
superpower,
criminal,
"home alone",
accountant,
accountancy,
"magic girl",
"super villain",
"superhero friday",
gritty,
deer,
"deer fucking",
cervids,
"possible momcest",
mating,
scent,
"coming of age",
adolescent,
anprim,
"tiona hiryute",
danmachi,
amazoness,
seekhelp,
"trigger word",
ych,
anyone,
babysitter,
roommates,
aceattorney,
doh,
simpsons,
screenplay,
dr2c,
canada,
beasts,
reversal,
cat-girl,
bratty,
liru,
"loli baba",
cardscript,
"monster hunter",
khezu,
chill,
wildlife,
outdoors,
firewatch,
tool,
violation,
battle_royale,
test,
"submissive male",
m/f,
"nonhuman female",
mantis,
officelady,
mofu,
fluffy,
"christmas cake",
"test if nsfw?",
"test if it violates cg?",
"test the scenarios",
"scenario test",
crush,
foot,
dating,
"dark arisen",
"dragon's dogma",
"insert character",
base64,
pawn,
"time skip",
"sexual torture",
"corrupting champions",
masturbation,
"biblical angel",
mythology,
ebony,
"time machine",
osakabehime,
"very rough and unfinished",
"sex slave",
revolt,
rebellion,
ussr,
"cute and funny ish?",
"cute and funny",
reverse,
"goodbye you crazy bastards",
feels,
"welcome back motherfuckers",
arachnid,
fu/m,
diablos,
"female monster",
reluctant,
mother/son,
fu/f/m,
glados,
portal,
machine,
"only 90s kids will remember",
"scooby doo",
"jackie chan adventures",
"inspector gadget",
"country life",
"country girls",
ecchi,
humilliation,
euphoria,
neko,
father-daughter,
nakige,
nukige,
x1n,
"wholesome rape",
bff,
"ben 10",
ben,
gwen,
tennyson,
"non-human pov",
elven,
submissive,
roguelike,
sexy,
outlaw,
"villanous protagonist",
"oral sex",
girlxgirl,
formatfag,
"pure degeneracy",
"alternative history",
"alternative world",
war,
tragedy,
python,
reimu,
armpits,
"armpit sex",
"totally normal and not",
"some wierd fetish",
gensokyo,
"open ended fantasy",
steampunk,
"companion instructor",
drama,
roommate,
:3,
"post apocalyptic",
silicon,
conquest,
historial,
cuddle,
touch,
pure,
"maternal lust",
mother-son,
asian,
"reluctant protagonist",
"dragon porn",
"laying fetish",
"ü•ö",
"y i f f",
horses,
zebra?,
zebstrika,
"school setting",
f/f/f/m,
fu/fu/fu/m,
fart,
"ass worship",
rimming,
idol,
councelling,
brother-sister,
oneesan,
horny,
"save the world",
"filter friendly",
showers,
taur,
pheremones,
musk,
hyper,
overstimulation,
milking,
misty,
kasumi,
"oldschool waifu",
"cum addiction",
novelai,
scroll,
light,
roll,
unbirth,
predator,
"sea angel",
"rape caves",
worldbuilding,
oviposition,
edgy,
untested,
narration,
silent,
pixie,
silver,
beggar,
performer,
metallic,
paint,
fetishes,
"small size",
swordartonline,
tooth,
mermaid,
shipwrecked,
mutation,
"open world exploration",
cumflation,
deltarune,
temmie,
"not actually wholesome",
"f for mentor",
"meteorite girl",
twinkdom,
helltaker,
snake,
ralsei,
male/male,
male/trap,
alexa,
despacito,
godzilla,
1984,
orwellian,
"nineteen eighty-four",
orwell,
dystopian,
"george orwell",
"big brother",
astolfo,
money,
rent,
immersive,
cerberus,
"visual static girl",
hallucination,
"you decide",
nigger,
"alan walton",
latitude,
bbc,
chatting,
cute,
dialogue,
philosophy,
zealot,
censorship,
lawbreaking,
"dungeons and dragons",
pair,
dragonborn,
tummy,
cn,
discord,
"roman empire",
sparta,
"alternate history",
cock,
"nice cock",
"cock inspector",
clockwork,
mechanic,
gears,
omorashi,
toilet,
bathroom,
puke,
yoga,
male/female,
"short stack",
threats,
farmer,
"farm friday",
sneed,
asriel,
marvel,
mcu,
"big tits",
"small tits humiliation",
misery,
"stephen king",
"potential guro",
kangaroo,
australia,
lizardfolk,
santa,
khajiit,
nord,
claus,
"sexual harassment",
sexify,
absurd,
flirting,
car,
griffin,
dom/sub,
"big cock",
xenomorph,
shark,
"locker room",
swimming,
xenophilia,
"female alien",
"love triangle",
"potential threesome",
dub-con,
"formatted memory",
"my wife has no emotion",
sleepover,
respecting,
"sailor moon",
"gender bender",
foxy,
jax,
gpt-j,
shitpost,
filters,
jak,
"dark fanstasy",
kemonomimi,
aoc,
"alexandria ocasio-cortez",
worldinfo,
translator,
print,
shipgirl,
tragic,
insomnia,
baku,
"helpless protagonist",
"reverse gangrape",
"shounen ai",
curie,
"miss handy",
annoyance,
"ed edd and eddy",
mouse,
goose,
"male on male",
"classical music",
"made for nai",
teacher/student,
"1800's",
england,
marrige,
"preset character",
plant,
dendrophilia,
onara,
onmyoji,
"m x f",
"father's day",
"star trek",
ds9,
"deep space 9",
"ensemble cast",
"genshin impact",
coprophagia,
dinosaur,
"jurassic park",
raptor,
"alternative universe",
uniform,
glasses,
slaying,
dragons,
/aids/,
omegaverse,
dom,
sub,
stewardess,
colonialism,
memoire,
"war crimes",
wishiwashi,
"school of fish",
nativeamerican,
subjugation,
"personal assistant",
native,
onix,
brock,
friendship,
minecraft,
aini,
edea,
butt,
delf,
lolita,
nabokov,
"ghost perspective",
"ghost x human",
"a bit sad to some",
cowboy,
forced(?),
corona,
sick,
virus,
crobat,
"man vs. wild",
"bear grylls",
"fire emblem",
comfort,
bus,
dogubus,
fanfiction,
crossover,
"majin buu",
"hermione granger",
"dragonball z",
"harry potter.",
jeanette,
chipettes,
"alvin and the chipmunks",
"yamato nadeshiko",
"eastern dragon",
disaster,
tabloida,
logo,
netorare,
cacturne,
cactus,
predator/prey,
"forced orgasm",
toy,
vibrator,
"rule 63",
"tim curry",
ferngully,
io,
"code vein",
breasts,
muk,
cofagrigus,
hinao,
minoto,
"3 way",
"dagoth ur",
rouge,
imouto,
oniichan,
"home invasion",
gladiators,
"public humiliation",
arena,
mgq,
xelvy,
"monster girl quest",
"pok√©mon moon",
neurotoxin,
nihilego,
flower,
spot,
"boston dynamics",
"katawa shoujo",
disability,
armless,
trippy,
wholesome(?),
"toe stealing",
"very serious",
jock,
nagatoro,
president,
nudist,
"alien invasion",
"male on female",
hairy,
messy,
slob,
burgers,
freedom,
eusine,
suicune,
bestality,
"el dorado",
chel,
indigenous,
remilia,
hacker,
politics,
halloween,
"the loud house",
youtube,
tortute,
mm,
genderbender,
jesus,
livestock,
drugging,
brothers,
"you are the bottom",
"dominant shota",
archaic,
captive,
"medieval fantasy",
foreplay,
edging,
pilot,
"tentacle monster",
infatuation,
"experimentation friday",
mmf,
biblical,
bisexual,
"straight option",
"vicar amelia",
lizardman,
first-person,
demongirl,
"male pc",
amy,
"amy rose",
"strip club",
"potential nsfw",
"gothic horror",
prostitute,
"human experimentation",
kate,
"kate marsh",
"life is strange",
"arcadia bay",
fortune-teller,
psychic,
realistic,
runaway,
chlil,
"'farmer'",
mindbreak,
"hucow friday",
animal,
bodyswap,
laboratory,
"forced breeding",
atla,
azula,
check,
your,
anus,
perfume,
cowgirl(?),
overwatch,
pharah,
"delicious brown",
pussy,
"reverse bully",
misogyny,
exhibition,
"embarassed nudity",
mfff,
kidnapped,
conversation,
thunderstorm,
cafe,
"possibly nsfw",
"oddly wholesome",
"lesbian romance",
"girl x girl",
"g x g",
dragon-girl,
"dragon wings",
"possible for nsfw",
"nsfw still people",
fu/f/f,
"dick growth",
daisy,
rosalina,
peach,
church,
kuudere,
"dragon girl",
morhaine,
skarmory,
"shota mystery",
cowboys,
lgbt,
lawyer,
murderer,
metro,
metro2033,
moscow,
"metro last light",
ddlg,
adults,
consent,
"submissive bottom",
"dominant top",
beta,
alpha,
"size diffrence",
boobs,
ring,
minotaurgirl,
kissing,
scooby-doo,
"velma dinkley",
velma,
guardian,
dissection,
vivisection,
nudity,
strangers,
"power bottom",
unforgiving,
shaaaaaaaark,
"gawr gura",
racing,
kanto,
"strong girl",
assertive,
"highly customizable",
"long start",
nsfwbastardsan,
generator(?),
hurt/comfort,
"independence day",
"possible romance",
"possible humiliation",
"one punch man",
one,
punch,
man,
opm,
tatsumaki,
saitama,
"black and white",
hilda,
rosa,
"team rocket",
"shin megami tensei",
"megami tensei",
robin,
tharja,
weight-gain,
woods,
"female space marines",
"lewd universe",
racist,
"buck breaking",
black,
ninetales,
trainer,
equestria,
"shin megami tensai",
meru,
merunyaa,
rpg,
powers,
"save people",
archenemy,
villan,
supervillain,
"school friday",
loner,
piano,
"train station",
morning,
winter,
deception,
nekomata,
gazer,
merrow,
papillon,
nympho,
miami,
clubbing,
degeneracy,
class,
third-person,
triller,
lolidom,
probably,
"sex ed",
"dubious consent",
"maid outfit",
"power struggle",
"forgotten weapons",
raifu,
/k/,
animatronic,
fnaf,
"circus baby",
"h.p lovecraft",
shub-niggurath,
mummification,
"muscular female",
sub/dom,
"forced sex",
naga,
"great maccao",
snake-girl,
adventrue,
cloaca,
abyssal,
kancolle,
"kantai collection",
grimdark,
truck-kun,
rage,
anger,
hate,
"snake girl",
roman,
greco-roman,
"femboy agnostic",
karen,
"maternal love",
watamote,
chinese,
china,
sinophobia,
"bad end",
murasame,
"oversized insertion",
young,
"older male",
"younger female",
milotic,
spoopy,
"pokemon trainer",
emotionless,
1boy,
"any gender mc",
healer,
stepfordization,
stepford,
"childhood friends",
modified,
"not mine",
thuderbird,
"super soldier",
"potential wholesome",
protector,
"potentially wholesome",
thicc,
gilf,
gmilf,
autism,
sonichu,
"cwc chan",
elitism,
academy,
kingdom,
nullification,
humble,
peasants,
detailed,
underworld,
world,
scavenger,
"the electric brainbox",
"had its commands",
"funkied up",
"muh grudge",
"muh knifeears",
paranormal,
texas,
contemporary,
r-rated,
"bisexual male",
genesis,
"living dolls",
amputation,
whatever,
"eating contest",
"mental health",
awareness,
experiment,
psychiatrist,
psychology,
psychiatry,
klee,
"npc corruption",
"mom x daughter",
possession,
trevenant,
"wizard of oz",
oz,
dorothy,
ozma,
bathhouse,
mercedes,
"dragons dogma",
subversion,
"bad end?",
yugioh,
yu-gi-oh!,
card,
gammoth,
trunk,
mammoth,
abomination,
"anime girl",
"real life anime girl",
incel,
"low life",
"horror scenario",
"psychological horror",
creepy,
"fem pov",
"father daughter",
pregnant,
"any age protag",
room,
location,
"custom content",
"external files needed",
elite,
"cursed sword",
"living weapon",
"evil waifu",
assassin,
"potential politics",
past-tense,
"more like count gay",
"deep rock galactic",
underground,
fanfic,
"dwarf fortress",
simulator,
simulation,
sexism,
gaming,
demoness,
ghidorah,
centiskorch,
centipede,
beastiality,
"older man",
cocktease,
"role reversal",
yakuza,
gang,
"sexual punishment",
twitch,
streamer,
dwarfism,
retardation,
japanese,
"uruha rushia",
catgirls,
"mail order",
"tfw no mail order gene modded big tiddy goth catgirl gf",
minions,
conquering,
sorcerer,
"sex magic",
loli(?),
odogaron,
huntress,
placeholder,
temptation,
abbot,
"goth bf",
"gay version",
beg,
begging,
submit,
butler,
"graphic violence",
normalcy,
"female oc",
"ted kaczynski",
"alternate timeline",
manifesto,
"dangerous individual",
"deer wife",
step-mom,
burger,
inanimate,
"cheat codes",
gnomes,
poop,
teleportation,
battle,
blacked,
"pyramid head",
"silent hill",
"hunt showdown",
hunting,
"19th century",
swamp,
"yee yee",
southern,
bayou,
"leonardo da vinci",
nfsw,
commision,
"wet clothes",
garbage,
trash,
maggots,
"blowfly girl",
powerplay,
gamer,
"real bad stuff",
pseudo-incest?,
"[real incest if you want to go to hell i guess]",
mousegirl,
"burgeoning romance",
stoicism,
"modern fantasy",
"dwarf friday",
abstinence,
"no nut november",
genie,
beastman,
defeat,
"female main character",
cave,
brainwipe,
personalityalteration,
"personality alteration",
futuristic,
"behavior control",
lunar,
moon,
local58,
"mind flayer",
"psychic battle",
cougars,
"actual cougars",
puma,
"mountain lion",
"human on feral",
femboi,
"secret identity",
robobabe,
"mad science",
stone,
wish,
sausage,
"sausage factory",
"magical sausage",
monster-boy,
reptile,
"inhuman genitals",
"coils & constriction",
sarkicism,
intersex,
sentient,
object,
furniture,
chair,
dragoness,
"vaal hazak",
fluff,
nadine,
roxeth,
squeak,
rewrite,
"really old sounding english",
experimental,
gods,
divinity,
"power fantasy",
"dragons i guess?",
hiking,
naturism,
nudism,
lake,
unconscious,
sleeping,
floof,
repair,
bugbearable,
kittenbot,
jk,
haloween,
"ffw threesome",
survive,
"mental instability",
rikiyakyouma,
"crazy woman",
"hot body",
ninja,
"alpha bitch",
"a fucking firearm",
assasination,
history?,
"low effort",
adaptation,
"murder mystery",
cluedo,
game,
"intrusive thoughts",
"just wants to be left alone",
"family man",
"not likely wholesome",
"possibly wholesome",
"possibly incest",
"heat wave",
"road rage",
"traffic jam",
"falling down",
daughteru,
insane,
"ai generated scenario",
nai,
sin,
"porn star",
"violent girl",
canine,
"mother and daughter",
age-difference,
judge,
trial,
courtroom,
"villain pov",
lycanthrope,
boyfriend,
genroku,
assassination,
spying,
"united states",
"birds aren't real",
7,
"modern gothic",
assistant,
lab,
scientist,
"world entries",
"finished world",
peasant,
aurthiem,
gta,
guns,
gangs,
"grand theft auto",
"dark lord/lady pov",
"confused hero",
"possible nsfw?",
"greek gods",
wallball,
scared,
"chance encounter",
"stuck together",
"age regression",
"lemon demon",
"neil cicierega",
"cabinet man",
"den of sin",
"scp scenario",
"secure. contain. protect.",
"psychological thriller",
dinosaurs,
"jurassic era",
"scenario generator",
"among us",
mage,
"weird magic",
"show them ""useless""",
snuggle,
amogus,
stuck,
1st,
world-building,
tattoos,
inshallah,
afghanistan,
"praise allah",
muslim,
islam,
infidels,
jihad,
kabul,
"rambo 3 alternative ending",
"fall of kabul",
wives,
concubine,
taliban,
saltus,
waitress,
harassment,
"non con",
supportive,
fertilization,
"fake incest",
age-play,
"ideas guy",
"power of persuasion",
wtf,
"pain slut",
guro(?),
"mental abuse",
cutting,
"physical abuse",
jinko,
"steve irwin parody",
"lewd comedy",
"the witcher",
"death note",
"orgasm control",
"cooking show",
solo,
"noblesse oblige",
12girls,
lorebook,
prompt,
building,
scenario,
utility,
items,
worlds,
recipes,
anything,
"forced bi",
"assertive female",
water,
monmusu,
octopus,
squid,
legion,
"neon genesis evangelion",
"shinji ikari",
asuka,
"asuka langley soryu",
eva,
nge,
scenarios,
"prompt generator",
prompts,
human/pokemon,
outline,
premise,
hook,
twist,
"inciting incident",
plot,
setup,
"beat sheet",
secretary,
covid,
schizo,
"ill girl",
dying,
chatbot,
"makise kurisu",
steins;gate,
mutilation,
torment,
"totally not gay",
"jk rowling",
clickhole,
"futa tf",
"cock growth",
growth,
beedrill,
holo,
den,
holoai,
fuckdoll,
"intercrural sex",
"pocket pussy",
fleshlight,
okaa-san,
mdlb,
missionary,
"ara ara",
retrofuturism,
computer,
bunker,
prince,
bloodline,
latina,
"as card",
"mommy friday",
lolibaba,
"smash bros",
"break in",
"action figures",
"potential yandere",
mud,
fuck,
earth,
aphrodite,
tv,
hardcore,
"bad mommy",
abortion,
"multiple pregnancy",
smoking,
smoker,
"high fantasy",
parents,
"or not wholesome",
"height difference",
m4a,
haikyuu,
"gender neutral",
"mental illness",
"1st ppt",
"full consent",
"black pilled",
"black pilling",
"choose pov",
"light bondage",
lewd?,
motherxson,
bbw,
"the new land",
companionship,
tempting,
customize,
healslut,
"rough sex",
scandal,
lord,
"stable boy",
herbalist,
nonconsent,
"sherlock holmes",
thriller,
park,
sprinting,
"used car salesman",
market,
"for sale",
trauma,
shelter,
mafia,
widow,
grass,
nature,
green,
mowing,
yes,
surveillance,
connoisseur,
interrogation,
trip,
grace,
"based off of a video game",
facade,
"fa√ßade",
"forced gay",
"inanimate object",
savior,
chosen,
"chosen one protagonist",
cruelty,
chaotic,
tyrant,
"art gallery",
paintings,
"painting portals",
bath,
"technical abstinance",
"doesn't count",
"heavy petting",
loophole,
younger,
little,
petite,
lesdom,
"evil queen",
seductress,
brother/sister,
"art model",
"skinny dipping",
"tan lines",
nightstalker,
minigiantess,
sheev,
"sunday school",
"daniel day lewis",
"there will be blood",
"asgore dremurr",
chara,
chastity,
necromancy,
elementary-school,
"redo of the cunnyseur",
boys,
statue,
based,
cringe,
redpilled,
bluepilled,
"tonsil wrasslin'",
"make out",
"best friend",
cia,
africa,
"warren zevon",
/mu/,
"let the right one in",
"like totally radical dude",
90s,
doom,
"id software",
/vr/,
"american mcgee",
"john carmack",
"john romero",
work,
"game dev",
vidya,
/v/,
thief,
shady,
rus,
"ancient egypt",
"conspiracy theory",
"help my soul",
lc,
"leonard cyber",
kuru,
kurumuz,
occultsage,
"discord trannies",
"mouse girl",
alan,
leonard,
nick,
cyber,
secret,
"genetical alteration",
"world domination",
agen,
colleague,
outcast,
god-emperor,
mage-emperor,
wizard-king,
god-wizard,
apotheosis,
"wish fulfillment",
"god-like powers",
"gender swap",
scrimblo,
bimblo,
scrunko,
sensual,
anniversary,
role-playing,
nanobots,
office-lady,
"country girl",
countryside,
blonde,
"picking flowers",
intense,
"non consent",
study,
akari,
ranger,
"female bullies friday",
bullies,
shearing,
sheep,
aristocracy,
"female bully",
conservative,
homophobia,
"body transformation",
"fat bastard",
"fat shaming",
assaultron,
mxm,
birdgirl,
"floor tile",
"taken advantage of",
"common cold",
"man flu",
"foot worship",
"goth girl",
narrator,
slap,
"squid game",
subway,
businesswoman,
"love at first sight",
devotion,
sorcery,
"big boobs",
"busty woman",
drider,
spider-girl,
hypnotic,
tzeentch,
"thousand sons",
daemoness,
child,
knights,
caravan,
"romantic comedy",
dehorning,
ganyu,
homestuck,
troll,
hiveswap,
lynera,
"neo noir",
khorne,
"adepta sororitas",
"guro (?)",
nurgle,
chaos,
nc,
slaanesh,
menagerie,
"hm submission",
researcher,
mindfuck,
"mindbreak (?)",
"reverse corruption",
"heart-shaped pupils",
"[author: stephen king]",
it,
clunny,
"kind of gay",
kensei,
fatalis,
yous,
hotwife,
sharing,
mfm,
bias,
"cat girl if you want",
"halloween friday",
"not my problem",
"do you job",
"i'm not the one on call",
"lazy people with important jobs",
depression,
gift,
"victim revenge",
"bully pov",
"smut optional",
"femdom optional",
"christmas enough",
"no hot cocoa :(",
"romance optional",
"no handwarmers :(",
mirrors,
braces,
bodysnatcher,
"existential nightmare",
"futa beast",
so,
great,
original,
wow,
choice,
"trick or treating",
seasonal,
theme,
fiction,
leash,
collar,
"emperor's children",
fulgrim,
roofie,
blindfold,
woman,
date-rape,
"sheet ghost",
customizable,
"nsfw because this should not be done at work.",
"possible nsfw",
teacherstudent,
"possible wholesome",
"potential sacrilege",
species,
cyoa,
"text adventure",
stranger,
hook-up,
"magnus the red",
magna,
rule64,
fate/zero,
alexander,
"alexander the great",
"space station 13",
cultists,
married,
rocky,
satyr,
thick,
"flesh golem",
"bounty hunters",
mystical,
"politics and bollywood",
"definitely incest",
"probably incest",
"anne frank",
hebe,
jew,
"nsfw optional",
"womb tattoo",
"naval tattoo",
tendrils,
"monster guy",
"human mc",
multiperspectivity,
aroma,
cyclops,
strongwoman,
sweet,
soft,
concert,
"broken trust",
tricked,
rock,
"oversized cock",
"open world",
"club aeris",
monsterfucker,
"space exploration",
prism,
girls,
endless,
"test subject",
chance,
aidungeon,
"male maid",
warhammer40k,
necron,
"space marine",
astartes,
goat,
"is this metal",
"maybe furry",
"admission of love",
"good end",
"office loli",
lady,
themefriday,
office_lady,
"office ladies friday",
officewoman,
"office lady friday",
"theme friday","Discover weekly themed stories that spark creativity and transport you to diverse worlds every Friday."
misgendering,
demeaning,
sissification?,
"bully coworker",
adlib,
madlib,
dojikko,
clumsy,
"clothed sex",
pantyhose,
"aloof girl",
"mega absol",
absol,
cunnylingus,
"muff diving",
"office woman",
"fast food",
erotica,
second-person,
adlibs,
snowy,
"animal companion",
corporate,
chirstmas,
tiger,
"maternal femdom",
"guilty pleasure",
hookup,
drugged,
somnophilia,
"colonial marines",
estrogen,
legiana,
"last stand",
heroism,
griffon,
rider,
mount,
"mystical creature",
dolphin,
"kimetsu no yaiba",
blade,
"older loli",
examination,
middle-school,
sweets,
cordelia,
swimsuit,
dress,
inscryption,
antagonist,
"monter girl",
irrumatio,
rampage,
runescape,
"kalphite queen",
mudsdale,
heart,
malesub,
mayan,
sacrifice,
"improvised sex toy",
wyvern,
alchemy,
"rape allegations",
"rise of the shield hero",
malty,
"old ai dungeon scenario",
"redoing for nnn",
"expect thottery",
"political intrigue",
"animals friday",
scotland,
succugirl,
"interspecies reviewers",
gatorgal,
gentledom,
lioness,
lion,
turkey,
invisible,
druid,
plants,
redwall,
depressing,
scavenge,
zoo,
"live show",
spectator,
"pet shop",
debeaked,
metamorphosis,
sfw?,
selfhelp,
odd,
motivational,
"might help",
"f watching mm",
low-effort,
"the flash",
dc,
supervillian,
petty,
"super speed",
"arthurian legend",
camelot,
merlin,
arthur,
arthuriana,
brutal,
furr,
"lizard man",
kristal,
sindoll,
doujinshi,
"involutary transformation",
"futa on futa",
"involutary tf",
futasub,
"dub con",
"boshin war",
cook,
re:monster,
impregnate,
starter,
vocaloid,
"project sekai",
list,
scenerios,
idea,
trucker,
eveonline,
concord,
confrontation,
fem,
"rapid dong expansion",
christian,
slasher,
"ghost girl",
ringu,
disney,
malificent,
"sleeping beauty",
musclewoman,
tigress,
rakshasa,
boots,
heels,
lackey,
"female boss",
underling,
minion,
"villainesses friday",
theme_friday,
whacky,
"double life",
"established relationship",
nemesis,
heroxvillain,
"hate sex",
"conflicted feelings",
ancient,
mob,
snowed_in,
villaness,
"flax farming",
greys,
telepathy,
probing,
abduction,
"age gap romance",
vixen,
nipples,
hakutaku,
counseling,
redcap,
"possibly wholesome?",
"demon queen",
qos,
snowbunny,
marines,
"alien franchise",
"dominating female",
"implied vore",
apple,
succ,
"lewd magic",
lich,
"lymph nodes",
"organ stimulation",
"lymphatic system",
"pickup artist",
"true monster",
"sexual aggression",
gender-bender,
valleygirl,
tgtf,
tftg,
thievul,
"dating app",
"character generation",
"fantasy races",
dialga,
"human on non-human",
toes,
"goth gf",
millipede-girl,
"touhou project",
franchise,
weebshit,
mightyena,
"maybe nsfw",
"be a friend",
"bobby santiago",
"lincoln loud",
"loud house",
"rita loud",
"could be wholesome",
"lori loud",
"maybe incest",
penknife,
"programmer socks",
"unwilling transformation",
"writting challenge",
spinneret,
"matchstick girl",
"new years",
"daughter simulator",
"don't lewd the matchstick loli",
adhg,
salamander,
"criminal drama",
"santa did nothing wrong",
"fairy tale",
"ded moroz",
"possibly sfw",
"festive friday",
"this time i'm really going to do it.",
suicide,
"tet offensive",
knot,
unwilling,
vietnam,
holidays,
saytr,
hand-holding,
poem,
verse,
"orgasm denial",
"dr. seuss",
yeti,
"re zero",
reptilian,
"downs syndrome",
"tea party",
"dress up",
matriarch,
"alex jones",
jackal,
archeologist,
pineapple,
feel,
"clown girl",
clussy,
hecate,
instruction,
"origin story",
parent,
pale,
hyperfuta,
shonen,
"martial arts",
manga,
wmbf,
bfwm,
brofessor,
"dom mazzetti",
"custom consent setting",
"friends to lovers",
picnic,
outside,
bodypaint,
cheerleader,
crying,
"anal plug",
"butt plug",
"arabian nights",
pickpocket,
"peer reviewed journals",
"sorry not sorry",
birth,
swirl,
"five nights at freddy's",
freddy,
vanny,
vanessa,
sth,
teaching,
"fish out of water",
"book club",
"fully customizable",
reflection,
analvore,
deargod,
"monster hunting",
dos,
zen,
hitler,
blondi,
tailpets,
hairpets,
bestial,
reindeer,
lapras,
robots,
"ethical dilemma",
sundress,
ginger,
trespassing,
field,
flowers,
raider,
settlement,
strategy,
"snow leopard girl",
mha,
"dc comics",
"post apocalypse",
gorilla,
harambe,
"dicks out for harambe",
friday-theme,
"robot friday",
malfunciton,
aidstf,
tony,
cv,
guild,
yacht,
billionaire,
"marie rose",
"dead or alive",
doa,
"legal loli",
item,
raid,
pillage,
"sonic the hedgehog",
"team dark",
fandom,
"weekly theme",
"theme park",
victim,
treasure,
feminine,
gun,
"financial leverage",
"whatever fucked up thing you want to happen",
"ily aini",
"non consensual",
soldier,
ukraine,
choose,
daemon,
nuclear,
donut-anus,
naive,
closeted,
retro,
innocent,
curiosity,
placeholders,
companion,
tension,
"cock vore",
"casting couch",
ronin,
ashigaru,
"girl scouts",
scouts,
"girl scout",
jews,
"whoopi goldberg",
anti-semitic,
"das rite",
"sassy black woman",
"the view",
controversial,
"gay for pay",
"porn studio",
mamimi,
flcl,
"fooly cooly",
naota,
"mutualistic relationship",
"old school waifu",
fantasy-ish,
semi-horny?,
"model personified",
"government sanctioned weaponized femboys",
dork,
teenager,
modeling,
debauchery,
bussy,
"fucked up theme parks friday",
gardevoir,
"can be sfw",
"mental change",
"mommy dom",
consequences,
"the industral revolution",
femboys,
steamship,
1800s,
officer,
lasagna,
garfelf,
odie,
jon,
arbuckle,
"the grunch",
oppai,
sluts,
gay4pay,
"water park",
"ye olde",
"zoo zombie romance",
zom-rom-com,
human/cat,
"haunted house",
purification,
"game over",
dog-girl,
"chicken girl",
thighs,
"brat taming?",
tsundere?,
pftf,
kittens,
harpies,
harpy-girl,
"maybe nsfw?",
boxing,
"maybe wholesome?",
rival,
encounter,
captured,
"maybe romance?",
gloryhammer,
"youtube poop",
alpacahawk,
"revenge of the sith",
"revenge of the sand",
ytp,
gannon,
cdi,
"demon king",
"pizza shop",
sparring,
"friendly match",
"possible romance?",
"male victim",
"new york",
manager,
"valentine's",
uncertain,
"3rd pov",
"full con",
2b,
nier,
"nier automata",
valentine,
zombification,
"secretary bird",
riot,
"horse girls",
litrpg,
euterpe,
"piano teacher",
economics,
soviet,
"ronald reagan",
mandates,
"government mandate",
rebel,
"ridiculous government mandates friday",
pet,
govt,
gov,
fridaids,
"social worker",
government,
"choose consent",
"for rent",
"whatever you'd like",
"rediculous government mandate",
atheism,
"a moving religious treatise",
"lesbian conversion",
nazis,
pedo,
society,
pedophile,
"solo f",
request,
switzerland,
banana,
"bad taste",
"private teacher",
/pol/,
gnoll,
"explore prompt",
capture,
"city 31",
dictator,
saviour,
something,
"ai generated",
booba,
awooooga,
milkies,
mother/daughter,
tutor,
"gamer girl",
osananajimi,
"friendship sex",
"past and present",
rule63,
"mistaken identity",
nswf,
gulag,
"labor camp",
"manwhore template",
mathematics,
"female only",
"squirt gun",
cold-blooded,
preteen,
streaking,
kink,
"warfare friday",
"were wolf",
"snake woman",
hellenistic,
lolis,
uso,
lizardmen,
hooker,
obsessed,
flexible,
2nd,
"you x ?",
"? x  you",
"flexible story",
"lazy noob",
tied,
shibari,
ropes,
dominant,
"single mother",
(nsfw),
"try finger but hole",
"likely lovable sort",
"fia approved",
"deathbed companion",
"liar ahead",
"beware of fire",
necro,
"don't give up skeleton!",
shipwreck,
"gigantic boobs",
emasculation,
"break up",
"mistakes into miracles",
fertile,
vaccinated,
fennec,
tayne,
hazing,
challenge,
batman,
"5th grade",
smedrins,
niece,
vaporub,
chris,
handsome,
"chris hansen",
av,
mystic,
fanatsy,
druidess,
domineering,
depraved,
breastfeeding,
handjobs,
kids,
"simple prompts",
"twink comedy",
"cute and funny friday",
anaconda,
teenagers,
snakes,
"friday birthday",
h,
"proactive female",
hostess,
"cute & funny friday",
"na√Øve",
shadowrun,
"üò≠",
"children's fiction",
"alternate reality",
alt-cunny,
"tea time",
"friday theme",
inn,
innkeeper,
"futa cumming absurd amounts",
"excessive semen",
hybrid,
foxgirl,
campfire,
"bat girl",
bobcat,
"turning red",
mmorpg,
stats,
make-a-wish,
starlet,
vengeance,
romantic?,
mercenary,
warcrimes,
"that's xcom baby",
x-com,
xenophile,
"exercise restraint when using explosives",
vdv,
"shark woman",
children,
psionic,
"elden ring",
ranni,
tarnished,
"tiger girl",
cunnycomb,
cereal,
advertisements,
"me want cunnycomb",
matriarchy,
"aural sex",
clone,
frat,
documentary,
"breast inspection",
shota/dom,
greenworm,
"monster girl encyclopedia",
"big cat",
marijauna,
weed,
dude,
colorado,
"nagito komaeda",
smokey,
poaching,
bear,
"delivery guy",
gigolo,
hatefuck,
"urban fantasy",
"ball growth",
otter,
"public display",
"lizard girl",
gecko,
pleasure,
embarassment,
"lizard men",
"alternate dimensions",
human/robot,
joi,
"nightmare world",
inccubus,
"scenario conversion",
"goth boy",
human/animal,
melina,
gay-for-pay,
"stomach punching",
stream,
livestream,
internet,
sql,
databases,
bard,
storytelling,
spanking,
"age play",
emo,
finance,
sellen,
"sorceress sellen",
proud,
lockpicking,
lockpickinglawyer,
security,
susan,
narnia,
epic,
gilgamesh,
"ear touching",
"adventuring party friday",
tgif,
adventure_party,
respected,
"adventure party",
"april fools",
groping,
seaside,
"fempov primary",
masks,
"adventuring party",
twee,
hotglue,
odor,
armpit,
adveture,
hikikomori,
"classic cars",
"auto repair",
"auto restoration",
ayaka,
monogatari,
"mayoi hachikuji",
"koyomi araragi",
urination,
"reverse isekai",
"dark lord",
paladins,
amber,
"big dude",
"navy seal",
tea,
fischl,
bodysuit,
"trying out",
restraint,
combatant,
"sexual reward",
driving,
studying,
"hate to love",
husband,
owl,
tease,
denial,
vvardenfell,
fargoth,
"wood elf",
bosmer,
"true love",
"police procedural",
plague,
stripping,
starfield,
"todd howard",
bethesda,
"rouge ai",
bull,
"female orc",
"human male",
lemonade,
"lemonade stand",
slug,
lifeguard,
hunk,
slurm,
motherly,
tavern,
pub,
"slave collar",
webcomic,
epilogue,
post-credits,
victory,
postgame,
"clash tv",
paimonahole,
paimon,
aether,
hard-boiled,
"yandere friday",
futa-ntr,
herm,
futa-cuck,
stalking,
schoolgirl,
"tummy worship",
agent,
guide,
miscommunication,
tearjerker,
"final moments",
sad,
reconcilement,
"fantasy setting",
daughter-father,
"human pet",
obedient,
dichotomy,
blasphemy,
graveyard,
mizutsune,
"acme beam",
"sexual awakening",
bachelor,
"girl boss",
scholarships,
single,
sabrina,
fur,
quicksand,
sinking,
licking,
dross,
cody,
softboy,
"masturbation by deception",
tying,
contest,
exposure,
wi,
got,
wedding,
matrimony,
priest,
husky,
affection,
columbo,
maga,
virginity,
"witchcraft friday",
slime_girl,
sickness,
posession,
phlegm,
"witchy disaster friday",
"future tense",
witchcraft,
contract,
cephalopod,
unbirthing,
unholy,
casting,
camera,
coerced,
mishap,
spell,
rogue-centric,
"shy girl lead",
"cool hand luke",
insertion,
"rule 34",
"rule 35",
"chain gang",
"nightmare waifu",
krake,
nautical,
"in the heart of kunoichi tsubaki",
"kunoichi tsubaki no mune no uchi",
tending,
mokuren,
kunoichi,
"awkward reunion",
"body swap",
adventurer,
benisumomo,
benis,
"possible mind break",
"loss of control",
"adam and eve",
"magical artifact",
mare,
"horse pussy",
shaman,
"how to",
basics,
lorebooks,
"inverse cascading",
rogue,
"resisting arrest",
snussy,
scales,
traffic,
malo,
"secure contain protect",
doggo,
malware,
weightlifting,
"strange artifact",
"ai personification",
correction,
unaware,
"weird magical artifacts friday",
"public penetration",
"tail job",
"long tongue",
coil,
"weird magical artifact friday",
"remote transfer",
"marital troubles",
"historical fiction",
"napoleonic wars",
"female soldier",
localization,
exe,
"weird magical artifact",
deceiver,
synthwave,
"80's nostalgia",
hackers,
futurism,
transhumanism,
transhumanist,
"accidental sex",
earthquake,
"clich√©",
enchantment,
"public exposure",
irish,
cookie,
"screw the pooch",
eroge,
archeology,
utopia,
mars,
colony,
"genetic alteration",
"space war",
cats,
savanna,
"rite of passage",
zebra,
"mob justice",
"tight space",
"night guard",
"chivalrous romance",
"impossible burger",
wraith,
evolve,
affair,
padawan,
twilek,
"twi'lek",
jedi,
sci-fy,
persuasion,
shadow,
"serial killer",
mime,
"silent partner",
ew,
weaboo,
tokyo,
"probably nsfw",
shuten-douji,
tamamo-no-mae,
chaldea,
hinagiku,
mistress,
pekora,
houndoom,
"intelligence loss",
"pyrrhic victory",
"maternal role ntr",
"reluctant male",
morbius,
"living vampire",
morb,
"gonna morb",
ftm,
"old yeller",
turk,
barber,
endurance,
"ai girlfriends friday",
"ai girlfriend friday",
airport,
"female antagonist",
hijacking,
"ai girlfriends",
anxiety,
hmoaf,
chiropteran,
"ai boyfriend",
"ai girlfriend",
synth,
"synthetic human",
"custom npc",
"custom protagonist",
nymphomania,
jolteon,
ratgirl,
blackmailing,
"yor forger",
yor,
stepmom,
"broken speech",
prejudice,
"custom protag",
"wtf is this",
"idk im bored",
gigachad,
poweruser,
hitman,
babysitting,
"play pretend",
feline,
"dragon companion",
psionics,
"female dragon",
"david attenborough",
espeon,
"help me please",
"danse macabre",
headpatting,
animalgirl,
"starship exploration vessel",
calming,
eeveelution,
sylveon,
flareon,
liminal,
"the backrooms",
rusalka,
"maritime friday",
baker,
panther,
"gang rape",
"forced nudity",
dark-skinned,
gloria,
"sea serpent",
maritime,
chocolate,
zitiron,
nereid,
sea-serpent,
serpent,
"medical play",
"probably malpractice",
"capra demon",
motorcycle,
"kamen rider",
70s,
"not nsfw for once-",
"amber heard",
"snakes maybe",
"who knows",
scarecrow,
"crunchy leaf noises",
s.t.a.l.k.e.r.,
pripyat,
"call of pripyat",
chernobyl,
wwii,
"world war 2",
stalingrad,
"soviet union",
"shadow of chernobyl",
"clear sky",
"rainy day",
hagi,
2033,
"last light",
ww3,
gangrape,
"custom pc",
celebration,
masquerade,
cinderella,
wolfboy,
customisable,
beastfolk,
mossad,
idf,
propaganda,
jewish,
"made for bbc",
heist,
skyscraper,
theft,
hacking,
fire,
pyromancer,
spider-gwen,
ghost-spider,
yu-gi-oh,
"yu-gi-oh gx",
"wife material",
nargacuga,
"pok√©philia",
"bizarre contests friday",
zork,
vulpine,
snox,
snake-fox,
snek,
prayer,
belief,
judging,
"wet fur",
kogasa,
vampiress,
"cat people",
unfinished,
thrall,
naval,
"sea creature",
"security breach",
"cage fight",
mal0,
scp-1471a,
tag,
"king arthur",
"the dude",
producer,
"show business",
tournament,
chuck,
"charles sneed",
reporter,
maiden,
cheap,
used,
cumdump,
"after sex",
jogger,
polite,
gameshow,
dune,
sand,
"different planet",
"subterranean monster",
cocogoat,
"doggy style",
kirin,
"assertive girl",
overalls,
olympics,
televised,
tiktok,
"gender role reversal",
"naked video chat",
"mad lib",
"steve irwin",
australian,
"sri lanka",
umbreon,
unruly,
"rebellous girl",
brushing,
grooming,
kitunse,
"umbrella academy",
felinid,
catpeople,
empire,
zoophile,
"wolf pussy",
nurture,
crowd,
salazzle,
scaled,
evangelion,
shinji,
childbirth,
"rape play",
"cute feet",
"queen metalia",
"queen beryl",
dogsitting,
iguana,
rottweiler,
embarassed,
pillory,
imprisonment,
"babysitter friday",
"armored woman",
"babysitting friday",
adopted,
parenthood,
"living battery",
vacuum,
haircut,
impressionism,
rain,
hairdresser,
pentecostal,
preacher,
strychnine,
"desert bus",
"hard vore",
"holy quest",
batgirl,
supergirl,
"the elder scrolls",
"marvel comics",
"captain marvel",
"carol danvers",
zatanna,
"black widow",
"natasha romanoff",
hardboiled,
prohibition,
"yae miko",
ei,
mordred,
artoria,
"fallout 3",
"sarah lyons",
"fallout 4",
"piper wright",
cait,
"avengers: earth‚Äôs mightiest heros",
wasp,
"janet van dyne",
wondergirl,
"cassie sandsmark",
"king's boon",
"blind girl",
popopoka_,
elementary,
"let's talk",
"just the inevitable",
"cynthia shirona",
lynching,
"old age",
"impending death",
reminisce,
planewalker,
"star sapphire",
"carol ferris",
"wonder woman",
"diana prince",
"black canary",
"dinah lance",
"lois lane",
"invisible woman",
"susan storm",
"scarlet witch",
"wanda maximoff",
"black cat",
"felicia hardy",
catwoman,
"selina kyle",
starfire,
"maria hill",
livewire,
she-hulk,
"jennifer walters",
"red she-hulk",
"betty ross",
silk,
"cindy moon",
"helena bertinelli",
"power girl",
powergirl,
"poison ivy",
psylocke,
"elizabeth braddock",
"peggy carter",
"agent 13",
"sharon carter",
hela,
spoiler,
"stephanie brown",
"cassandra cain",
"white widow",
"yelena belova",
"doctor minerva",
minerva,
minn-erva,
"wholesome lovey dovey romance friday",
"book store",
lovers,
diner,
rollerskating,
"lovey dovey friday",
cheetah,
headpats,
"better call saul",
"breaking bad",
matrix,
hyena,
lovey-dovey,
"1st pov",
wholesome-lovey-dovey-friday,
"tifa lockhart",
"mary jane watson",
"pepper potts",
"halo 3",
cortana,
"halo reach",
kat,
"noble 2",
"halo 5",
"olympia vale",
vale,
"halo infinite",
"sarah palmer",
palmer,
"summer vacation",
"lovey dovey",
hawkgirl,
"shayera hol",
"justice leauge unlimited",
star,
"ripley ryan",
lain,
"based and lainpilled",
technophila,
photographer,
"photo shoot",
"father and daughter",
"zero to hero",
telepath,
brick,
bric,
bride,
baron,
"miller's daughter",
"baron's bride",
charizard,
"queen veranke",
veranke,
skrull,
polaris,
"lorna dane",
aquawoman,
mera,
spider-woman,
"jessica drew",
earth-616,
socks,
hot,
patriotism,
madwoman,
"evil dead",
"female ash williams",
convention,
"jean grey",
phoenix,
"marvel girl",
x-men,
"gwen stacy",
"earth 616",
"miranda keyes",
ice,
"talia al ghul",
"killer frost",
"dark phoenix",
linda,
"harley quinn",
"emma frost",
"wolverine and the x-men",
"luna snow",
"agents of atlas",
kelly,
"kate bishop",
hawkeye,
"mercy graves",
"night lords",
"smelling penis",
"hermaeus mora",
daedra,
"daedric prince",
fingering,
minotauress,
"existential crisis",
"expansive lorebook",
aaaaa,
mission,
parachute,
"halo drop",
mayor,
campaign,
"night lord",
synthetic,
personality,
schoolteacher,
technician,
"student council",
"royalty and nobility friday",
noblity,
"its not ntr if the guy has never spoken to her",
"royalty and nobility",
"emperor's new clothes",
kalphite,
module,
soloai,
abbess,
"loli mommy",
"fatal vore",
caleb,
"remilia scarlet",
"wahammer 40k",
drukhari,
strongman,
circus,
bodybuilding,
n,
"ferris wheel",
"accidental penetration",
"sex fight",
"yukari yakumo",
"touhou friday",
"marisa kirisame",
"rich bastard",
stupid,
"lord of the flies",
"wholesome cunny",
ballet,
"custom module",
"primary school",
reformation,
trucking,
"small penis encouragement",
"one piece",
"black comedy",
"legal drama",
"crime drama",
"gender role reversal friday",
"role reveral",
nyarlathotep,
performance,
hooters,
self-help,
primarch,
impregnantion,
"horus heresy",
father/daughter,
tabboo,
kaguyahime,
"tale of the bamboo cutter",
"heian japan",
"character introduction",
commoner,
facesitting,
procedural,
crypto,
squad,
c-squad,
laser,
episode,
bodyboarding,
haunted,
animatronics,
"not fnaf",
bodysnatching,
feed,
seed,
faeries,
business,
geophilia,
"human and non-human relationships friday",
consummation,
cargirls,
"human and nonhuman",
coyote,
balloon,
present,
"bell cranel",
"liliruca arde",
hestia,
"ais wallenstein",
"eina tulle",
"syr flova",
haruhime,
mikoto,
naiad,
illusion,
spitroast,
violin,
"teacher and student friday",
"throat fuck",
globglogabgalab,
book,
"full tour",
"fly fishing",
"student teacher friday",
"field trip",
cafeteria,
chinchilla,
weasel,
bottom,
encasement,
mpreg,
x/m,
"ottoman empire",
janissary,
ghostbusters,
"potential abuse",
planet,
colonization,
glaceon,
fantasies,
character.ai,
"rouge the bat",
lucoa,
"miss kobayashi's dragon maid",
"females only",
alraune,
sister-sister,
sister/sister,
"french maid",
"twilight princess",
vtuber,
freeing,
fapfapfapfapfap,
boogeyman,
bogeyman,
mountains,
"fish girl",
borderlands,
"five girls",
cumgirl,
abby,
"first time",
nina,
frankenstein,
pomeranian,
"after hours",
amygdala,
vip,
samhain,
job,
coworker,
cretaceous,
naked,
seti,
"first contact",
post,
ruin,
"swim lessons",
"low quality",
"father figure",
multiverse,
thieves,
tnieves,
revolution,
kyton,
insurrection,
"cum eating",
low,
effort,
minimalist,
student/teacher,
saleswoman,
bee,
beenis,
aids,
extrovert,
optimist,
"mercantilism/shopkeeping/economics friday",
unchained,
construct,
chained,
coercive,
pinky,
brain,
candle,
wax,
"cock shock",
resort,
questionable,
unhygenic,
"unwashed penis",
"christmas friday",
"orientation play",
"arnold schwarzenegger",
"ancient rome",
application,
qt,
sexting,
nudes,
archaeology,
"mutual masturbation",
"new year's eve",
"new years eve",
resocialization,
"correction friday",
dprk,
"north korea",
juche,
automobile,
speed,
"ace combat",
"magic library",
leather,
kind,
playful,
"compensated molestation",
"shark week friday",
pulp,
inspiration,
bishoujomom,
"vagina dentata",
familia,
incesto,
hermana,
"mam√°",
madre,
"modelado desnuda",
"healing friday",
crusade,
hippogriff,
"fictional character",
"video game character",
"overwatch 2",
"british accent",
"hero and villains",
story,
"experience drain",
"young woman",
krystal,
"the legend of krystal",
"star fox",
"deep space nine",
holostars,
"flayon x machina",
"fanfic friday",
"totally spies",
fury3,
panda,
bioshock,
"system shock",
shodan,
"elizabeth comstock",
"quantum physics",
kirby,
"player dom",
"lap pillow",
"age difference friday",
pitbull,
"far cry",
"the walking dead",
twd,
"author's note",
"wizarding world",
"magical school",
saliva,
"mysterious girlfriend x",
"nazo no kanojo x",
animals,
off,
eula,
sniper,
"long intro",
fembot,
"robot redemption friday",
singularity,
"redemption friday",
bbm,
submarine,
barotrauma,
"deep sea",
"gravity falls",
"erotic trap dungeon",
erica,
giselle,
"project qt",
arousing,
dirge,
grim,
"social media",
"fuck a fleshlight your homie's holding challenge",
bathtub,
"accidental summoning",
"antagonist pov",
"adeptus mechanicum",
warpsmith,
"younger woman",
debt,
temple,
ght901,
context,
ght,
"artificial intelligience",
"meet cute",
"girl next door",
"cryptid friday",
conspiracy,
kelpie,
locked,
principal,
journey,
"feudal japan",
mountain,
traveller,
nose,
professor,
gryphon,
"the stanley parable",
easter,
"midlife crisis",
"hotel california",
photography,
posing,
fordola,
"moe anthropomorphism",
moe,
"chat adventure",
"sword and sorcery",
sword,
artifact,
"bikini armor",
spellsword,
"sword and sorcery friday",
zhongli,
netorase,
"ancient history",
"historical fantasy",
mesopotamia,
"bachelor auction",
femodm,
"raising succubi",
"please don't fuck them",
pegging,
"megumu iizunamaru",
"tsukasa kudamaki",
ironman,
avengers,
"xavier: renegade angel",
melancholic,
breakup,
remnant,
rwby,
"size difference friday",
taxi,
dorf,
"stone age",
ojou-sama,
waiting,
"little sister friday",
"praise kink",
"predator and prey",
prey,
bandit,
stoner,
edibles,
bug-fables,
omori,
himbo,
"dumb friday",
"silent hill inspired",
retarded,
factory,
"dumb woman",
bimboification,
deaf,
"sex machine",
misato,
remake,
cfnm,
"experience difference",
infected,
"state trooper",
"highway patrol",
bb,
passionlip,
meltryllis,
klingon,
gatomon,
robotic,
tickle,
tickling,
male/other,
disgusting,
yummy,
nitu,
infiltration,
"possibly tragic",
airhead,
"slow burn",
taylor,
sadist,
"government corruption",
"urban setting",
"shadowy protagonist",
adrenaline-fueled,
"freedom fighter",
neo-noir,
"hatsune miku",
"drug use",
ash,
"bait and switch",
clio,
demo,
bernkastel,
chatshit,
"older brother",
"smoking fetish",
"demon slayer",
"magic academy",
jatg,
diviniverse,
step-daughter,
"waiting friday",
patience,
"old man",
lovecraftian,
"roaring twenties",
"shadowspawn from beyond the stars bf",
"sanity mechanics",
instruct,
bnha,
aizawa,
surge,
skink,
botany,
"post apocalypse friday",
1950s,
"dungeon punk",
"rock and roll",
"large breasts",
twitter,
unrequited,
gunmage,
band,
dabi,
"male x gender",
lambdadelta,
self-indulgent,
blaziken,
chicken,
muscle-girl,
"female pokemon",
wimp,
busty,
abdl,
orcess,
"teen boy",
"the devil is a part-timer!",
"illegal activities",
self-aware,
ruthless,
calculating,
"highly intelligent",
lucario,
bureaucracy,
"infinite zork friday",
queer,
"be gay do crimes",
anthros,
"back to the future",
haughty,
"magical assistant",
"enchanting companion",
"sexy genie",
"mysterious genie",
"charming genie",
"desirable genie",
"grand quests",
half-dragon,
shower,
slimeboy,
hugs,
sultry,
sassy,
perverted,
smart,
"toilet slave",
flirty,
affectionate,
georgian,
body_control,
thai,
thailand,
kid,
"summer friday",
hunterxhunter,
neferpitou,
hxh,
bunnies,
"patrick bateman",
"american psycho",
movie,
hagrid,
dobby,
"horror porn",
"stolen for private chatting",
parade,
potions,
paranoia,
"i can fix him",
natasha,
kayra,
kaomoji,
warframe,
tenno,
"sister of battle",
template,
"the foundation",
article,
"world eaters",
vision,
"divine quest",
"adventure mode",
myst,
asexual,
androgynous,
sir,
jack,
dapper,
symbiosis,
"alchemy friday",
housing,
accommodation,
squirrel,
sigurd,
feudal,
"war stories",
genji,
"astra militarum",
"imperial guard",
"world of warcraft",
draenei,
"night elf",
"blue slime",
portals,
"miguel o'hara",
spiderman,
"spiderman acrooss the spiderverse",
rp,
"stuffed animal",
plushie,
shiorinovella,
cumrag,
brainwash,
peegnancy,
"my hero academia",
mitsuki,
"amateur porn",
"ancient evil",
"elves friday",
"criminal justice",
lawyers,
"butt stuff",
"interactive tv",
interactv,
taxes,
"dark elf cordelia",
"chocolate elf",
"alpha legion",
"step fantasy",
"step siblings",
"step mother",
"/aids/ event",
"elf friday",
"vice city",
makeover,
"new wave",
"fear and hunger",
"karin sauer",
abella,
"erotic horror",
mechanophilia,
environmentalism,
aeldari,
"iron warriors",
"dark elves",
gooning,
bozo,
"izuku midoriya",
"simon says",
step-dad,
underdark,
magical,
jerkbud,
jerkbuds,
crystal,
"human on furry",
gaslight,
leafeon,
shape-shifter,
"monster under the bed",
disabled,
disabilities,
courtship,
"bizarre contests and game shows friday",
hyperviolent,
multiple-cocks,
ballbusting,
castration,
legends,
"suburban mythology friday",
lust-note,
free-use,
peace-keeping,
play,
crazy,
courage,
voodoo,
3girls,
"mature female",
balls,
"high elf",
needy,
"domination instability",
zamel,
wmaf,
"gradual love",
"war bride",
"white man",
"track team",
"interspecies transformation",
claiming,
"vaginal stretching",
"desire conflict",
"forced consent",
"holy maiden",
"body enslavement",
"body-mind split",
raceplay-fantasy,
bleached,
"dominance battling",
"large clitors",
"beast woman",
"giving in",
"slave race",
disgust,
self-hatred,
defloration,
"suburban mythology",
"big fluffy tails",
"bread girl",
"race traitor",
"wife molding",
"feminist breaking",
defilement,
"human'd",
"forced pairing",
"control loss",
"female to male",
"porn addicted female",
cunnilingus,
classplay,
"poor hygiene",
onlyfans,
camgirl,
dreadnought,
ibaraki,
"fate series",
"tight clothing",
"female humiliation",
"increased libido",
"male dominance",
daddy/daughter,
pornograpic,
etc,
"mind control friday",
"maid friday",
"magic sword",
wallpaper,
inheritance,
"socratic debate",
plato,
"open relationship",
"married and happy",
"married and fucking everybody",
"open choice",
"very horny",
"hyper genitals",
"nsfw dares",
"yandere simulator",
christianity,
honkai,
"honkai impact",
"honkai impact 3rd",
"jeanne d'arc",
bradamante,
charlemagne,
roland,
tamamo,
oversized-breasts,
"nanashi mumei",
high-security,
"moral dilemmas",
"power struggles",
"reverse hypnosis",
"ai assistant",
holodeck,
"impregnation friday",
pook,
"conversion camp",
fungal,
mold,
suburbia,
"reverse time stop",
fimfiction,
equine,
"small horses",
futafication,
"writer's block",
cheerful,
bright,
intelligent,
"beautiful features",
"not conceited even though she has the body to be conceited",
"down to earth",
"eager to please",
"needs physical contact",
seductive,
"perfect 10",
hardbody,
"sexually charged persona",
"loves to roleplay",
"loves to dress up",
"goes above and beyond",
"people pleaser",
dracula,
terminator,
roomba,
nascar,
"mommy genre invader friday",
interruption,
"daddy issues",
hucow,
"dragon age",
yautja,
"asset theft",
"tooth fairy",
#zoom,
"partially ai generated scenario",
time,
"age progression",
"school life",
nsfl,
dolcett,
antro,
"horror friday",
"film making",
"exploitation movie",
"true crime",
inexperience,
pilgrimage,
"vow of silence",
"based and redpilled",
"one-night stand",
"video games",
cryptic,
"forgotten realms",
"displacer beast",
force,
stargazing,
"impractical superpowers friday",
"inconvenient superpowers",
puzzle,
gum,
spacesuit,
"gender change",
blashpemy,
mary,
satan,
exorcism,
"the exorcist (1973)",
"stormy daniels",
"older guy",
ashley,
"underground friday",
"underground idol",
"god complex",
"masters of the universe",
motu,
homosexual,
woke,
"possibly not gay",
"possibly heterosexual",
skeletor,
he-man,
gay-man,
"possibly humorous",
"possibly not humorous",
cuntboy,
vaginal,
urolagnia,
shitting,
eating,
vomit,
gagging,
sam,
endiah,
of,
cards,
dorky,
"dorky dungeons",
"shamalama dingdong",
bullshido,
"hyper cock",
jealousy,
dingleberries,
nasty,
"body odor",
stench,
rosebudding,
enema,
"mecha friday",
"world war i",
"fist fucking",
incontinence,
pamela,
fecophagia,
